Country,Year,CPI (2010)
Aruba,2010,100
Aruba,2011,104.3745958
Aruba,2012,104.9713633
Aruba,2013,102.4811662
Aruba,2014,102.91261
Aruba,2015,103.4029732
Aruba,2016,102.479564
Afghanistan,2010,100
Afghanistan,2011,110.2016601
Afghanistan,2012,118.1563
Afghanistan,2013,127.2003573
Afghanistan,2014,133.0570866
Afghanistan,2015,131.016195
Afghanistan,2016,133.8585287
Angola,2010,100
Angola,2011,113.4670154
Angola,2012,125.1467361
Angola,2013,136.1297275
Angola,2014,146.0393748
Angola,2015,161.0512393
Angola,2016,216.9942543
Albania,2010,100
Albania,2011,103.4503472
Albania,2012,105.5520402
Albania,2013,107.5972351
Albania,2014,109.3529831
Albania,2015,111.4416436
Albania,2016,112.8712157
United Arab Emirates,2010,100
United Arab Emirates,2011,100.8768366
United Arab Emirates,2012,101.5469402
United Arab Emirates,2013,102.6634323
United Arab Emirates,2014,105.0717402
United Arab Emirates,2015,109.3469353
United Arab Emirates,2016,111.1160341
Armenia,2010,100
Armenia,2011,107.6512336
Armenia,2012,110.4022296
Armenia,2013,116.7987006
Armenia,2014,120.280456
Armenia,2015,124.7628106
Armenia,2016,123.1768127
Antigua and Barbuda,2010,100
Antigua and Barbuda,2011,103.4567497
Antigua and Barbuda,2012,106.9503604
Antigua and Barbuda,2013,108.0834972
Antigua and Barbuda,2014,109.2610037
Antigua and Barbuda,2015,110.3197357
Antigua and Barbuda,2016,109.7797892
Australia,2010,100
Australia,2011,103.3038502
Australia,2012,105.1248699
Australia,2013,107.7003122
Australia,2014,110.3798127
Australia,2015,112.1748179
Australia,2016,114.2819979
Austria,2010,100
Austria,2011,103.2669389
Austria,2012,105.8338195
Austria,2013,107.9506626
Austria,2014,109.6841403
Austria,2015,110.6675322
Austria,2016,111.6542345
Burundi,2010,100
Burundi,2011,109.7350192
Burundi,2012,129.5013864
Burundi,2013,139.7976198
Burundi,2014,145.920532
Burundi,2015,154.0252562
Burundi,2016,162.5559222
Belgium,2010,100
Belgium,2011,103.5310582
Belgium,2012,106.4700183
Belgium,2013,107.6542147
Belgium,2014,108.020239
Belgium,2015,108.6231026
Belgium,2016,110.7654215
Benin,2010,100
Benin,2011,102.7128005
Benin,2012,109.6491228
Benin,2013,110.7147498
Benin,2014,109.5126706
Benin,2015,109.8635478
Benin,2016,108.8417804
Burkina Faso,2010,100
Burkina Faso,2011,102.7597672
Burkina Faso,2012,106.6832918
Burkina Faso,2013,107.2527016
Burkina Faso,2014,106.9758936
Burkina Faso,2015,107.9975062
Burkina Faso,2016,107.7306733
Bangladesh,2010,100
Bangladesh,2011,110.7048046
Bangladesh,2012,117.5886312
Bangladesh,2013,126.4430232
Bangladesh,2014,135.282864
Bangladesh,2015,143.6626637
Bangladesh,2016,151.5835416
Bulgaria,2010,100
Bulgaria,2011,104.2199035
Bulgaria,2012,107.2991517
Bulgaria,2013,108.2542145
Bulgaria,2014,106.719037
Bulgaria,2015,106.6071182
Bulgaria,2016,105.7558358
Bahrain,2010,100
Bahrain,2011,99.63555225
Bahrain,2012,102.3800669
Bahrain,2013,105.7642246
Bahrain,2014,108.568241
Bahrain,2015,110.561547
Bahrain,2016,113.6556341
"Bahamas, The",2010,100
"Bahamas, The",2011,103.1987814
"Bahamas, The",2012,105.2468625
"Bahamas, The",2013,105.6119408
"Bahamas, The",2014,107.2008348
"Bahamas, The",2015,109.2063564
"Bahamas, The",2016,108.8280907
Bosnia and Herzegovina,2010,100
Bosnia and Herzegovina,2011,103.6583333
Bosnia and Herzegovina,2012,105.8
Bosnia and Herzegovina,2013,105.7083333
Bosnia and Herzegovina,2014,104.7416667
Bosnia and Herzegovina,2015,103.85
Bosnia and Herzegovina,2016,102.550375
Belize,2010,100
Belize,2011,101.6020562
Belize,2012,102.9234993
Belize,2013,103.4481496
Belize,2014,104.6909753
Belize,2015,103.7641654
Belize,2016,0
Bolivia,2010,100
Bolivia,2011,109.8126898
Bolivia,2012,114.8491113
Bolivia,2013,121.4134042
Bolivia,2014,128.4354258
Bolivia,2015,133.6511419
Bolivia,2016,138.4963157
Brazil,2010,100
Brazil,2011,106.6361987
Brazil,2012,112.3966485
Brazil,2013,119.3673758
Brazil,2014,126.9258283
Brazil,2015,138.384186
Brazil,2016,150.4782422
Barbados,2010,100
Barbados,2011,109.4322024
Barbados,2012,114.3931445
Barbados,2013,116.4568031
Barbados,2014,118.6545412
Barbados,2015,117.3953597
Barbados,2016,0
Brunei Darussalam,2010,100
Brunei Darussalam,2011,102.0159344
Brunei Darussalam,2012,102.4893933
Brunei Darussalam,2013,102.8821973
Brunei Darussalam,2014,102.6821672
Brunei Darussalam,2015,102.2468712
Brunei Darussalam,2016,101.4980938
Bhutan,2010,100
Bhutan,2011,108.8489857
Bhutan,2012,120.7349215
Bhutan,2013,129.194415
Bhutan,2014,139.796813
Bhutan,2015,146.1180175
Bhutan,2016,152.5142645
Botswana,2010,100
Botswana,2011,108.4581659
Botswana,2012,116.6362197
Botswana,2013,123.4989648
Botswana,2014,128.9367921
Botswana,2015,132.8827183
Botswana,2016,137.8914727
Central African Republic,2010,100
Central African Republic,2011,101.30057
Central African Republic,2012,107.1478927
Central African Republic,2013,108.7570881
Central African Republic,2014,136.2539368
Central African Republic,2015,186.8616667
Central African Republic,2016,0
Canada,2010,100
Canada,2011,102.9121351
Canada,2012,104.4719519
Canada,2013,105.4522038
Canada,2014,107.4627934
Canada,2015,108.6720092
Canada,2016,110.2246709
Switzerland,2010,100
Switzerland,2011,100.2313462
Switzerland,2012,99.53719941
Switzerland,2013,99.32088551
Switzerland,2014,99.30778901
Switzerland,2015,98.17179225
Switzerland,2016,97.74510567
Chile,2010,100
Chile,2011,103.340318
Chile,2012,106.4472657
Chile,2013,108.3544928
Chile,2014,113.1166727
Chile,2015,118.0359667
Chile,2016,122.5055895
China,2010,87.04031958
China,2011,91.75
China,2012,94.175
China,2013,96.65
China,2014,98.58333333
China,2015,100
China,2016,102
Cote d'Ivoire,2010,100
Cote d'Ivoire,2011,104.912434
Cote d'Ivoire,2012,106.2810284
Cote d'Ivoire,2013,109.0243228
Cote d'Ivoire,2014,109.5182362
Cote d'Ivoire,2015,110.8734622
Cote d'Ivoire,2016,111.6786116
Cameroon,2010,100
Cameroon,2011,102.9396995
Cameroon,2012,105.9687104
Cameroon,2013,108.0299558
Cameroon,2014,110.1343234
Cameroon,2015,113.0925124
Cameroon,2016,114.0716303
"Congo, Dem. Rep.",2010,100
"Congo, Dem. Rep.",2011,115.3165159
"Congo, Dem. Rep.",2012,126.5273893
"Congo, Dem. Rep.",2013,128.5934872
"Congo, Dem. Rep.",2014,0
"Congo, Dem. Rep.",2015,0
"Congo, Dem. Rep.",2016,0
"Congo, Rep.",2010,100
"Congo, Rep.",2011,100.7600726
"Congo, Rep.",2012,106.9011906
"Congo, Rep.",2013,113.3248133
"Congo, Rep.",2014,113.4122553
"Congo, Rep.",2015,118.5317254
"Congo, Rep.",2016,0
Colombia,2010,100
Colombia,2011,103.4116161
Colombia,2012,106.6969353
Colombia,2013,108.8551742
Colombia,2014,111.9878195
Colombia,2015,117.5928442
Colombia,2016,126.4328308
Comoros,2010,100
Comoros,2011,101.7713638
Comoros,2012,103.5716047
Comoros,2013,105.9509583
Comoros,2014,106.5641468
Comoros,2015,97.91628589
Comoros,2016,0
Cabo Verde,2010,100
Cabo Verde,2011,104.4738834
Cabo Verde,2012,107.1309614
Cabo Verde,2013,108.7509463
Cabo Verde,2014,108.4859955
Cabo Verde,2015,108.6298259
Cabo Verde,2016,0
Costa Rica,2010,100
Costa Rica,2011,104.8830125
Costa Rica,2012,109.6070144
Costa Rica,2013,115.3331981
Costa Rica,2014,120.5408526
Costa Rica,2015,121.5011835
Costa Rica,2016,121.496097
Curacao,2010,100
Curacao,2011,102.3279496
Curacao,2012,105.5862335
Curacao,2013,107.0002288
Curacao,2014,108.5978616
Curacao,2015,108.0803471
Curacao,2016,0
Cyprus,2010,100
Cyprus,2011,103.2894494
Cyprus,2012,105.7578286
Cyprus,2013,105.3347412
Cyprus,2014,103.9074672
Cyprus,2015,101.72853
Cyprus,2016,100.2746597
Czech Republic,2010,100
Czech Republic,2011,101.9363891
Czech Republic,2012,105.2993452
Czech Republic,2013,106.8101029
Czech Republic,2014,107.1702526
Czech Republic,2015,107.5397568
Czech Republic,2016,108.2273152
Germany,2010,100
Germany,2011,102.0751729
Germany,2012,104.1253438
Germany,2013,105.692141
Germany,2014,106.6505542
Germany,2015,106.900575
Germany,2016,107.4172848
Djibouti,2010,100
Djibouti,2011,105.0687139
Djibouti,2012,108.9890478
Djibouti,2013,111.6272293
Djibouti,2014,113.1251159
Djibouti,2015,112.1665053
Djibouti,2016,115.2380865
Dominica,2010,100
Dominica,2011,102.387631
Dominica,2012,103.7767972
Dominica,2013,103.7286326
Dominica,2014,104.5575694
Dominica,2015,103.7353926
Dominica,2016,103.9753702
Denmark,2010,100
Denmark,2011,102.7586823
Denmark,2012,105.222748
Denmark,2013,106.053031
Denmark,2014,106.6511919
Denmark,2015,107.1332917
Denmark,2016,107.4011249
Dominican Republic,2010,100
Dominican Republic,2011,108.4601688
Dominican Republic,2012,112.4672568
Dominican Republic,2013,117.9004948
Dominican Republic,2014,121.4359088
Dominican Republic,2015,122.4520194
Dominican Republic,2016,124.4285983
Algeria,2010,100
Algeria,2011,104.5217647
Algeria,2012,113.8185422
Algeria,2013,117.5218381
Algeria,2014,120.9492525
Algeria,2015,126.7366464
Algeria,2016,134.8448947
Ecuador,2010,100
Ecuador,2011,104.4745539
Ecuador,2012,109.8034388
Ecuador,2013,112.8105507
Ecuador,2014,116.8414159
Ecuador,2015,121.4802762
Ecuador,2016,123.5751188
"Egypt, Arab Rep.",2010,100
"Egypt, Arab Rep.",2011,110.0539169
"Egypt, Arab Rep.",2012,117.887726
"Egypt, Arab Rep.",2013,128.9946083
"Egypt, Arab Rep.",2014,142.082144
"Egypt, Arab Rep.",2015,156.7982873
"Egypt, Arab Rep.",2016,178.4594037
Spain,2010,100
Spain,2011,103.1961464
Spain,2012,105.7203243
Spain,2013,107.2094441
Spain,2014,107.0476968
Spain,2015,106.5119645
Spain,2016,106.2960949
Estonia,2010,100
Estonia,2011,104.9776148
Estonia,2012,109.1084016
Estonia,2013,112.1508859
Estonia,2014,111.988474
Estonia,2015,111.476948
Estonia,2016,111.6431701
Ethiopia,2010,100
Ethiopia,2011,133.2242152
Ethiopia,2012,163.5599831
Ethiopia,2013,176.773131
Ethiopia,2014,189.8398729
Ethiopia,2015,209.0784633
Ethiopia,2016,224.2702636
Finland,2010,100
Finland,2011,103.416809
Finland,2012,106.3210967
Finland,2013,107.8928289
Finland,2014,109.016209
Finland,2015,108.7903663
Finland,2016,109.1787158
Fiji,2010,100
Fiji,2011,107.2865445
Fiji,2012,110.9432275
Fiji,2013,114.1707644
Fiji,2014,114.787662
Fiji,2015,116.361198
Fiji,2016,120.8582924
France,2010,100
France,2011,102.1174868
France,2012,104.1145837
France,2013,105.0137245
France,2014,105.5468798
France,2015,105.5867805
France,2016,105.7803579
Gabon,2010,100
Gabon,2011,101.2693432
Gabon,2012,103.9649148
Gabon,2013,104.4640947
Gabon,2014,109.3275333
Gabon,2015,109.0011925
Gabon,2016,111.2975284
United Kingdom,2010,100
United Kingdom,2011,104.4842396
United Kingdom,2012,107.4324816
United Kingdom,2013,110.1768945
United Kingdom,2014,111.7856883
United Kingdom,2015,111.8416044
United Kingdom,2016,112.5591949
Georgia,2010,100
Georgia,2011,108.5429333
Georgia,2012,107.5186583
Georgia,2013,106.9681
Georgia,2014,110.25075
Georgia,2015,114.664725
Georgia,2016,117.1087083
Ghana,2010,100
Ghana,2011,108.7268368
Ghana,2012,118.6870613
Ghana,2013,132.464651
Ghana,2014,152.987622
Ghana,2015,179.2174626
Ghana,2016,210.5337855
Guinea,2010,100
Guinea,2011,121.3504664
Guinea,2012,139.8255379
Guinea,2013,156.4485904
Guinea,2014,171.645971
Guinea,2015,185.6384987
Guinea,2016,200.7306806
"Gambia, The",2010,100
"Gambia, The",2011,104.796485
"Gambia, The",2012,109.2550879
"Gambia, The",2013,115.4823332
"Gambia, The",2014,122.3505005
"Gambia, The",2015,130.681005
"Gambia, The",2016,140.1162943
Guinea-Bissau,2010,100
Guinea-Bissau,2011,105.0461023
Guinea-Bissau,2012,107.2841576
Guinea-Bissau,2013,108.5792121
Guinea-Bissau,2014,106.9404862
Guinea-Bissau,2015,108.4425817
Guinea-Bissau,2016,110.2799665
Equatorial Guinea,2010,100
Equatorial Guinea,2011,104.8053892
Equatorial Guinea,2012,108.6377246
Equatorial Guinea,2013,111.8413174
Equatorial Guinea,2014,116.6616766
Equatorial Guinea,2015,118.6077844
Equatorial Guinea,2016,120.2919162
Greece,2010,100
Greece,2011,103.3298702
Greece,2012,104.8813886
Greece,2013,103.9151458
Greece,2014,102.5515272
Greece,2015,100.7713328
Greece,2016,99.9393067
Grenada,2010,100
Grenada,2011,103.0334728
Grenada,2012,105.5173801
Grenada,2013,105.4707113
Grenada,2014,104.4721596
Grenada,2015,103.8228194
Grenada,2016,105.6099131
Guatemala,2010,100
Guatemala,2011,106.2153418
Guatemala,2012,110.2329373
Guatemala,2013,115.0207631
Guatemala,2014,118.9525888
Guatemala,2015,121.7940335
Guatemala,2016,127.2119704
Guyana,2010,100
Guyana,2011,104.9777356
Guyana,2012,107.4887351
Guyana,2013,109.458413
Guyana,2014,110.466273
Guyana,2015,109.4086724
Guyana,2016,110.2168092
"Hong Kong SAR, China",2010,100
"Hong Kong SAR, China",2011,105.2567237
"Hong Kong SAR, China",2012,109.5354523
"Hong Kong SAR, China",2013,114.3031785
"Hong Kong SAR, China",2014,119.4376528
"Hong Kong SAR, China",2015,122.9828851
"Hong Kong SAR, China",2016,125.9168704
Honduras,2010,100
Honduras,2011,106.7622796
Honduras,2012,112.3098464
Honduras,2013,118.1071672
Honduras,2014,125.3462499
Honduras,2015,129.3044729
Honduras,2016,132.8275184
Croatia,2010,100
Croatia,2011,102.2727273
Croatia,2012,105.7623479
Croatia,2013,108.1066571
Croatia,2014,107.8740157
Croatia,2015,107.372942
Croatia,2016,106.1918397
Haiti,2010,100
Haiti,2011,108.411071
Haiti,2012,115.2189237
Haiti,2013,121.9632319
Haiti,2014,127.5322847
Haiti,2015,139.0312572
Haiti,2016,158.2644834
Hungary,2010,100
Hungary,2011,103.9207353
Hungary,2012,109.8105881
Hungary,2013,111.7005408
Hungary,2014,111.4522137
Hungary,2015,111.3738823
Hungary,2016,111.8202045
Indonesia,2010,99.99793337
Indonesia,2011,105.3553223
Indonesia,2012,109.8640159
Indonesia,2013,116.9100201
Indonesia,2014,124.3863287
Indonesia,2015,132.3011815
Indonesia,2016,136.9658634
India,2010,100
India,2011,108.8578453
India,2012,118.9951729
India,2013,131.9747419
India,2014,140.7504026
India,2015,147.6569875
India,2016,154.9533796
Ireland,2010,100
Ireland,2011,102.5788705
Ireland,2012,104.3153099
Ireland,2013,104.8396802
Ireland,2014,105.0459899
Ireland,2015,104.7365254
Ireland,2016,104.7365254
"Iran, Islamic Rep.",2010,100
"Iran, Islamic Rep.",2011,120.6283321
"Iran, Islamic Rep.",2012,153.6290937
"Iran, Islamic Rep.",2013,213.9536482
"Iran, Islamic Rep.",2014,250.8293268
"Iran, Islamic Rep.",2015,285.2074921
"Iran, Islamic Rep.",2016,309.6489694
Iraq,2010,100
Iraq,2011,105.8014554
Iraq,2012,112.243808
Iraq,2013,114.3534281
Iraq,2014,116.9103411
Iraq,2015,118.5392883
Iraq,2016,0
Iceland,2010,100
Iceland,2011,103.9904126
Iceland,2012,109.3930168
Iceland,2013,113.6425471
Iceland,2014,115.9551726
Iceland,2015,117.8467319
Iceland,2016,119.8438816
Israel,2010,100
Israel,2011,103.4591955
Israel,2012,105.2258769
Israel,2013,106.8314903
Israel,2014,107.3399612
Israel,2015,106.6603679
Israel,2016,106.0791369
Italy,2010,100
Italy,2011,102.7414382
Italy,2012,105.8661778
Italy,2013,107.1577369
Italy,2014,107.4160487
Italy,2015,107.4577119
Italy,2016,107.3251785
Jamaica,2010,100
Jamaica,2011,107.5296924
Jamaica,2012,114.9473575
Jamaica,2013,125.6885016
Jamaica,2014,136.1080857
Jamaica,2015,141.1130128
Jamaica,2016,144.4283502
Jordan,2010,100
Jordan,2011,104.1583333
Jordan,2012,108.8666667
Jordan,2013,114.125
Jordan,2014,117.425
Jordan,2015,116.4
Jordan,2016,115.4833333
Japan,2010,100
Japan,2011,99.7323664
Japan,2012,99.68056635
Japan,2013,100.0259
Japan,2014,102.7885695
Japan,2015,103.6001036
Japan,2016,103.4792368
Kazakhstan,2010,100
Kazakhstan,2011,108.3485692
Kazakhstan,2012,113.8891996
Kazakhstan,2013,120.5365732
Kazakhstan,2014,128.6345897
Kazakhstan,2015,137.1838857
Kazakhstan,2016,157.0896031
Kenya,2010,100
Kenya,2011,114.0215499
Kenya,2012,124.7149422
Kenya,2013,131.8464844
Kenya,2014,140.9142239
Kenya,2015,150.1897771
Kenya,2016,159.6480497
Kyrgyz Republic,2010,100
Kyrgyz Republic,2011,116.4958847
Kyrgyz Republic,2012,119.626161
Kyrgyz Republic,2013,127.529306
Kyrgyz Republic,2014,137.1376793
Kyrgyz Republic,2015,146.0561792
Kyrgyz Republic,2016,146.6720681
Cambodia,2010,100
Cambodia,2011,105.4785873
Cambodia,2012,108.5719838
Cambodia,2013,111.7668232
Cambodia,2014,116.0757008
Cambodia,2015,117.4932986
Cambodia,2016,121.043896
St. Kitts and Nevis,2010,100
St. Kitts and Nevis,2011,105.8351652
St. Kitts and Nevis,2012,106.6988746
St. Kitts and Nevis,2013,107.8800157
St. Kitts and Nevis,2014,108.147413
St. Kitts and Nevis,2015,105.657994
St. Kitts and Nevis,2016,104.9288034
"Korea, Rep.",2010,100
"Korea, Rep.",2011,104.0258462
"Korea, Rep.",2012,106.3011216
"Korea, Rep.",2013,107.6845
"Korea, Rep.",2014,109.0572617
"Korea, Rep.",2015,109.8282561
"Korea, Rep.",2016,110.8935901
Kuwait,2010,100
Kuwait,2011,104.9053356
Kuwait,2012,108.2616179
Kuwait,2013,111.1876076
Kuwait,2014,114.4219449
Kuwait,2015,118.1654905
Kuwait,2016,121.9449082
Lao PDR,2010,100
Lao PDR,2011,107.5769241
Lao PDR,2012,112.1564115
Lao PDR,2013,119.295099
Lao PDR,2014,124.2282214
Lao PDR,2015,125.8136564
Lao PDR,2016,127.7126369
Lebanon,2010,100
Lebanon,2011,0
Lebanon,2012,111.8819224
Lebanon,2013,118.0844645
Lebanon,2014,118.9697657
Lebanon,2015,114.5097177
Lebanon,2016,113.5767478
Liberia,2010,100
Liberia,2011,108.4866005
Liberia,2012,115.9014082
Liberia,2013,124.6808214
Liberia,2014,136.9324054
Liberia,2015,147.5893792
Liberia,2016,160.6273764
Libya,2010,100
Libya,2011,115.5184815
Libya,2012,122.518675
Libya,2013,125.7112887
Libya,2014,0
Libya,2015,0
Libya,2016,0
St. Lucia,2010,100
St. Lucia,2011,102.7694079
St. Lucia,2012,107.0627396
St. Lucia,2013,108.6387228
St. Lucia,2014,112.4611526
St. Lucia,2015,111.3541871
St. Lucia,2016,107.909732
Sri Lanka,2010,100
Sri Lanka,2011,106.7167684
Sri Lanka,2012,114.7663222
Sri Lanka,2013,122.69845
Sri Lanka,2014,126.0889598
Sri Lanka,2015,128.9093839
Sri Lanka,2016,134.0501569
Lesotho,2010,100
Lesotho,2011,105.0248166
Lesotho,2012,111.4351037
Lesotho,2013,116.9270053
Lesotho,2014,123.1713303
Lesotho,2015,127.0825799
Lesotho,2016,135.4816151
Lithuania,2010,100
Lithuania,2011,104.1303007
Lithuania,2012,107.3479096
Lithuania,2013,108.4723431
Lithuania,2014,108.5849264
Lithuania,2015,107.6249179
Lithuania,2016,108.5994848
Luxembourg,2010,100
Luxembourg,2011,103.4097959
Luxembourg,2012,106.1648392
Luxembourg,2013,108.0057702
Luxembourg,2014,108.6859355
Luxembourg,2015,109.2016653
Luxembourg,2016,109.5283603
Latvia,2010,100
Latvia,2011,104.4011544
Latvia,2012,106.7099567
Latvia,2013,106.7099567
Latvia,2014,107.3593074
Latvia,2015,107.5757576
Latvia,2016,107.7200577
"Macao SAR, China",2010,100
"Macao SAR, China",2011,105.8012422
"Macao SAR, China",2012,112.2608696
"Macao SAR, China",2013,118.447205
"Macao SAR, China",2014,125.6024845
"Macao SAR, China",2015,131.3291925
"Macao SAR, China",2016,134.447205
Morocco,2010,100
Morocco,2011,100.9223603
Morocco,2012,102.2128961
Morocco,2013,104.1421665
Morocco,2014,104.5956603
Morocco,2015,106.2251635
Morocco,2016,107.9622755
Moldova,2010,100
Moldova,2011,107.6106072
Moldova,2012,112.6032214
Moldova,2013,117.8300267
Moldova,2014,123.8261444
Moldova,2015,135.8107934
Moldova,2016,144.481088
Madagascar,2010,100
Madagascar,2011,109.4825405
Madagascar,2012,115.7382024
Madagascar,2013,122.4816071
Madagascar,2014,129.9292182
Madagascar,2015,139.5491802
Madagascar,2016,148.8359016
Maldives,2010,100
Maldives,2011,112.8529289
Maldives,2012,125.1366268
Maldives,2013,129.8987222
Maldives,2014,132.652722
Maldives,2015,133.9171766
Maldives,2016,134.590123
Mexico,2010,100
Mexico,2011,103.4073796
Mexico,2012,107.6589829
Mexico,2013,111.7569034
Mexico,2014,116.2479856
Mexico,2015,119.4106762
Mexico,2016,122.7800966
"Macedonia, FYR",2010,100
"Macedonia, FYR",2011,103.9050651
"Macedonia, FYR",2012,107.3517892
"Macedonia, FYR",2013,110.341839
"Macedonia, FYR",2014,110.0310005
"Macedonia, FYR",2015,109.700995
"Macedonia, FYR",2016,109.4384906
Mali,2010,100
Mali,2011,102.8555341
Mali,2012,108.4379022
Mali,2013,107.7805281
Mali,2014,108.7451737
Mali,2015,110.3064672
Mali,2016,108.3204633
Malta,2010,100
Malta,2011,102.7219052
Malta,2012,105.2053353
Malta,2013,106.6518099
Malta,2014,106.9840304
Malta,2015,108.1607815
Malta,2016,108.7849284
Myanmar,2010,100
Myanmar,2011,105.0214601
Myanmar,2012,106.5627375
Myanmar,2013,112.4495606
Myanmar,2014,118.6055721
Myanmar,2015,129.8558711
Myanmar,2016,138.8999939
Montenegro,2010,100
Montenegro,2011,103.4501431
Montenegro,2012,107.7384073
Montenegro,2013,110.115001
Montenegro,2014,109.3326184
Montenegro,2015,111.0258435
Montenegro,2016,110.724536
Mongolia,2010,100
Mongolia,2011,109.4840933
Mongolia,2012,125.8897269
Mongolia,2013,136.7223215
Mongolia,2014,154.5299228
Mongolia,2015,163.4554931
Mongolia,2016,164.361112
Mozambique,2010,100
Mozambique,2011,110.3511326
Mozambique,2012,113.3094866
Mozambique,2013,118.1380033
Mozambique,2014,121.1620393
Mozambique,2015,125.4642122
Mozambique,2016,150.3736775
Mauritania,2010,100
Mauritania,2011,105.6424335
Mauritania,2012,110.856817
Mauritania,2013,115.4348071
Mauritania,2014,119.5156802
Mauritania,2015,120.0947989
Mauritania,2016,121.8794157
Mauritius,2010,100
Mauritius,2011,106.5313535
Mauritius,2012,110.6351121
Mauritius,2013,114.555246
Mauritius,2014,118.241276
Mauritius,2015,119.7625088
Mauritius,2016,120.9887147
Malawi,2010,100
Malawi,2011,107.6228226
Malawi,2012,130.5155584
Malawi,2013,166.1245533
Malawi,2014,205.6490149
Malawi,2015,250.6225011
Malawi,2016,305.0257364
Malaysia,2010,100
Malaysia,2011,103.2
Malaysia,2012,104.9
Malaysia,2013,107.1
Malaysia,2014,110.5
Malaysia,2015,112.8
Malaysia,2016,115.2
Namibia,2010,100
Namibia,2011,105.0055952
Namibia,2012,112.064069
Namibia,2013,118.3406934
Namibia,2014,124.6721213
Namibia,2015,128.9181711
Namibia,2016,137.5711121
Niger,2010,100
Niger,2011,102.9423851
Niger,2012,103.4108655
Niger,2013,105.7877866
Niger,2014,104.8097312
Niger,2015,105.8650448
Niger,2016,106.0458618
Nigeria,2010,100
Nigeria,2011,110.8407926
Nigeria,2012,124.3822202
Nigeria,2013,134.9246423
Nigeria,2014,145.796037
Nigeria,2015,158.9434626
Nigeria,2016,183.8925866
Nicaragua,2010,100
Nicaragua,2011,108.0826727
Nicaragua,2012,115.8577225
Nicaragua,2013,124.1246121
Nicaragua,2014,131.6165154
Nicaragua,2015,136.8799939
Nicaragua,2016,141.6980838
Netherlands,2010,100
Netherlands,2011,102.3410702
Netherlands,2012,104.8541039
Netherlands,2013,107.4826899
Netherlands,2014,108.5317587
Netherlands,2015,109.1832185
Netherlands,2016,109.5289654
Norway,2010,100
Norway,2011,101.3009709
Norway,2012,102.0194175
Norway,2013,104.1941748
Norway,2014,106.3042071
Norway,2015,108.6148867
Norway,2016,112.4707152
Nepal,2010,100
Nepal,2011,109.2717142
Nepal,2012,119.6024595
Nepal,2013,130.417729
Nepal,2014,141.3310568
Nepal,2015,152.452269
Nepal,2016,165.8533469
New Zealand,2010,100
New Zealand,2011,104.4329433
New Zealand,2012,105.3555356
New Zealand,2013,106.7281728
New Zealand,2014,107.6957696
New Zealand,2015,108.0558056
New Zealand,2016,109.2259226
Oman,2010,100
Oman,2011,104.0700573
Oman,2012,107.0992271
Oman,2013,108.4330591
Oman,2014,109.5325864
Oman,2015,109.6041004
Oman,2016,110.8108986
Pakistan,2010,100
Pakistan,2011,111.9167695
Pakistan,2012,122.7559684
Pakistan,2013,132.195293
Pakistan,2014,141.7023438
Pakistan,2015,145.3008974
Pakistan,2016,150.7534528
Panama,2010,100
Panama,2011,105.8758024
Panama,2012,111.908817
Panama,2013,116.415564
Panama,2014,119.4864079
Panama,2015,119.6363946
Panama,2016,120.5289139
Peru,2010,100
Peru,2011,103.370685
Peru,2012,107.1475732
Peru,2013,110.1653876
Peru,2014,113.7193746
Peru,2015,117.7625489
Peru,2016,121.9969631
Philippines,2010,100
Philippines,2011,104.6473029
Philippines,2012,107.966805
Philippines,2013,111.2033195
Philippines,2014,115.7676349
Philippines,2015,117.4273859
Philippines,2016,119.5020747
Papua New Guinea,2010,100
Papua New Guinea,2011,104.440834
Papua New Guinea,2012,109.1795288
Papua New Guinea,2013,114.5951801
Papua New Guinea,2014,120.5632277
Papua New Guinea,2015,127.8093691
Papua New Guinea,2016,0
Poland,2010,100
Poland,2011,104.2583333
Poland,2012,107.9666667
Poland,2013,109.0833333
Poland,2014,109.2
Poland,2015,108.1175
Poland,2016,107.4583333
Portugal,2010,100
Portugal,2011,103.653011
Portugal,2012,106.5276599
Portugal,2013,106.8199896
Portugal,2014,106.5228662
Portugal,2015,107.0426324
Portugal,2016,107.6928062
Paraguay,2010,100
Paraguay,2011,108.2539683
Paraguay,2012,112.2332964
Paraguay,2013,115.245478
Paraguay,2014,121.0409745
Paraguay,2015,124.8283499
Paraguay,2016,129.9298634
West Bank and Gaza,2010,100
West Bank and Gaza,2011,102.8772436
West Bank and Gaza,2012,105.7362924
West Bank and Gaza,2013,107.5596083
West Bank and Gaza,2014,109.4236003
West Bank and Gaza,2015,110.9901211
West Bank and Gaza,2016,0
Qatar,2010,100
Qatar,2011,101.9163899
Qatar,2012,103.818746
Qatar,2013,107.0699038
Qatar,2014,110.3703061
Qatar,2015,112.4492294
Qatar,2016,115.6827135
Romania,2010,100
Romania,2011,105.7877774
Romania,2012,109.3145306
Romania,2013,113.671108
Romania,2014,114.8862079
Romania,2015,114.2045665
Romania,2016,112.44764
Russian Federation,2010,100
Russian Federation,2011,108.4352172
Russian Federation,2012,113.9331027
Russian Federation,2013,121.6378316
Russian Federation,2014,131.1572472
Russian Federation,2015,151.5186467
Russian Federation,2016,162.2017173
Rwanda,2010,100
Rwanda,2011,105.6706827
Rwanda,2012,112.2971888
Rwanda,2013,117.0527278
Rwanda,2014,119.141066
Rwanda,2015,122.1411425
Rwanda,2016,129.1342832
Saudi Arabia,2010,100
Saudi Arabia,2011,105.8235911
Saudi Arabia,2012,108.8776202
Saudi Arabia,2013,112.6951565
Saudi Arabia,2014,115.7047095
Saudi Arabia,2015,118.2324375
Saudi Arabia,2016,122.3983704
Sudan,2010,100
Sudan,2011,122.1121207
Sudan,2012,167.7739517
Sudan,2013,218.0366895
Sudan,2014,298.5091558
Sudan,2015,348.9924041
Sudan,2016,0
Senegal,2010,100
Senegal,2011,103.4032283
Senegal,2012,104.8729795
Senegal,2013,105.6056503
Senegal,2014,104.4653788
Senegal,2015,104.6169658
Senegal,2016,105.4902757
Singapore,2010,100
Singapore,2011,105.2529183
Singapore,2012,110.0194553
Singapore,2013,112.6362572
Singapore,2014,113.7739972
Singapore,2015,113.2051272
Singapore,2016,112.6362572
Solomon Islands,2010,100
Solomon Islands,2011,107.3427071
Solomon Islands,2012,113.6888144
Solomon Islands,2013,119.818192
Solomon Islands,2014,126.0078829
Solomon Islands,2015,125.3040541
Solomon Islands,2016,0
Sierra Leone,2010,100
Sierra Leone,2011,106.7881944
Sierra Leone,2012,113.8237847
Sierra Leone,2013,120.10489
Sierra Leone,2014,125.6843171
Sierra Leone,2015,134.0972222
Sierra Leone,2016,148.6914063
El Salvador,2010,100
El Salvador,2011,105.1289238
El Salvador,2012,106.9472105
El Salvador,2013,107.7947771
El Salvador,2014,0
El Salvador,2015,108.1904511
El Salvador,2016,108.843855
San Marino,2010,100
San Marino,2011,102.0078767
San Marino,2012,104.8919783
San Marino,2013,106.5748578
San Marino,2014,107.7610542
San Marino,2015,107.9179894
San Marino,2016,108.5373825
Serbia,2010,100
Serbia,2011,111.1373976
Serbia,2012,119.2841978
Serbia,2013,128.4622384
Serbia,2014,131.1373976
Serbia,2015,132.9633
Serbia,2016,134.4555657
South Sudan,2010,100
South Sudan,2011,147.3060757
South Sudan,2012,213.7075763
South Sudan,2013,213.623533
South Sudan,2014,220.585681
South Sudan,2015,331.2107199
South Sudan,2016,1592.384644
Sao Tome and Principe,2010,100
Sao Tome and Principe,2011,114.3209022
Sao Tome and Principe,2012,126.4822858
Sao Tome and Principe,2013,136.7347283
Sao Tome and Principe,2014,146.3041075
Sao Tome and Principe,2015,153.9788301
Sao Tome and Principe,2016,162.3418105
Suriname,2010,100
Suriname,2011,117.7117796
Suriname,2012,123.6054474
Suriname,2013,125.9752097
Suriname,2014,130.2454489
Suriname,2015,139.2244364
Suriname,2016,216.4723322
Slovak Republic,2010,100
Slovak Republic,2011,103.919286
Slovak Republic,2012,107.6667221
Slovak Republic,2013,109.1745662
Slovak Republic,2014,109.091413
Slovak Republic,2015,108.7366262
Slovak Republic,2016,108.1711847
Slovenia,2010,100
Slovenia,2011,101.8105799
Slovenia,2012,104.4559218
Slovenia,2013,106.2947129
Slovenia,2014,106.5073819
Slovenia,2015,105.9555394
Slovenia,2016,105.8954989
Sweden,2010,100
Sweden,2011,102.9611507
Sweden,2012,103.8758344
Sweden,2013,103.8298247
Sweden,2014,103.6433064
Sweden,2015,103.5948172
Sweden,2016,104.6144691
Swaziland,2010,100
Swaziland,2011,106.1051982
Swaziland,2012,115.5905882
Swaziland,2013,122.0863163
Swaziland,2014,129.0272492
Swaziland,2015,135.4198236
Swaziland,2016,146.0454207
Sint Maarten (Dutch part),2010,100
Sint Maarten (Dutch part),2011,105.1337434
Sint Maarten (Dutch part),2012,108.9656206
Sint Maarten (Dutch part),2013,111.9178911
Sint Maarten (Dutch part),2014,113.2598322
Sint Maarten (Dutch part),2015,0
Sint Maarten (Dutch part),2016,0
Seychelles,2010,100
Seychelles,2011,102.5592677
Seychelles,2012,109.8516118
Seychelles,2013,114.6180056
Seychelles,2014,116.2064215
Seychelles,2015,120.9030092
Seychelles,2016,119.6751832
Syrian Arab Republic,2010,100
Syrian Arab Republic,2011,104.7531639
Syrian Arab Republic,2012,143.1999795
Syrian Arab Republic,2013,0
Syrian Arab Republic,2014,0
Syrian Arab Republic,2015,0
Syrian Arab Republic,2016,0
Chad,2010,100
Chad,2011,96.2957043
Chad,2012,109.7946339
Chad,2013,109.9543314
Chad,2014,111.8024832
Chad,2015,115.905523
Chad,2016,0
Togo,2010,100
Togo,2011,103.5722772
Togo,2012,106.2970297
Togo,2013,108.1750495
Togo,2014,108.3770297
Togo,2015,110.3168317
Togo,2016,111.2594059
Thailand,2010,100
Thailand,2011,103.8098204
Thailand,2012,106.944877
Thailand,2013,109.2805979
Thailand,2014,111.3464134
Thailand,2015,110.3498391
Thailand,2016,110.5576664
Timor-Leste,2010,100
Timor-Leste,2011,113.4998402
Timor-Leste,2012,126.8931729
Timor-Leste,2013,141.0501651
Timor-Leste,2014,141.6757908
Timor-Leste,2015,142.5744169
Timor-Leste,2016,140.8340398
Tonga,2010,100
Tonga,2011,106.2707534
Tonga,2012,107.4902513
Tonga,2013,108.3239772
Tonga,2014,111.0438583
Tonga,2015,109.8734579
Tonga,2016,112.7081906
Trinidad and Tobago,2010,100
Trinidad and Tobago,2011,105.0993662
Trinidad and Tobago,2012,114.8405852
Trinidad and Tobago,2013,120.812086
Trinidad and Tobago,2014,127.6795501
Trinidad and Tobago,2015,133.6270821
Trinidad and Tobago,2016,137.7166975
Tunisia,2010,100
Tunisia,2011,103.5440294
Tunisia,2012,108.8642428
Tunisia,2013,115.1767845
Tunisia,2014,120.8639093
Tunisia,2015,126.7344897
Tunisia,2016,131.4376251
Turkey,2010,100
Turkey,2011,106.4718797
Turkey,2012,115.9389013
Turkey,2013,124.6263079
Turkey,2014,135.661435
Turkey,2015,146.0678251
Turkey,2016,157.4247945
Tanzania,2010,100
Tanzania,2011,112.6909695
Tanzania,2012,130.7227573
Tanzania,2013,141.0115842
Tanzania,2014,149.6578707
Tanzania,2015,158.0205091
Tanzania,2016,166.1906754
Uganda,2010,100
Uganda,2011,118.6929045
Uganda,2012,133.7428095
Uganda,2013,140.3016917
Uganda,2014,144.6177718
Uganda,2015,152.4503594
Uganda,2016,160.7808996
Ukraine,2010,100
Ukraine,2011,107.9600945
Ukraine,2012,108.5598728
Ukraine,2013,108.2599837
Ukraine,2014,121.4551063
Ukraine,2015,180.6332322
Ukraine,2016,205.7322881
Uruguay,2010,100
Uruguay,2011,108.0937752
Uruguay,2012,116.846956
Uruguay,2013,126.8667402
Uruguay,2014,138.129149
Uruguay,2015,150.0997938
Uruguay,2016,164.5685336
United States,2010,100
United States,2011,103.1568416
United States,2012,105.2915045
United States,2013,106.8338489
United States,2014,108.5669321
United States,2015,108.695722
United States,2016,110.0670089
St. Vincent and the Grenadines,2010,100
St. Vincent and the Grenadines,2011,103.1860311
St. Vincent and the Grenadines,2012,105.8672625
St. Vincent and the Grenadines,2013,106.7196293
St. Vincent and the Grenadines,2014,106.9265144
St. Vincent and the Grenadines,2015,105.0728236
St. Vincent and the Grenadines,2016,104.9155909
"Venezuela, RB",2010,100
"Venezuela, RB",2011,126.0902123
"Venezuela, RB",2012,152.6561536
"Venezuela, RB",2013,214.6947406
"Venezuela, RB",2014,348.1675623
"Venezuela, RB",2015,730.041406
"Venezuela, RB",2016,0
Vietnam,2010,100
Vietnam,2011,118.6774771
Vietnam,2012,129.4702633
Vietnam,2013,138.0052744
Vietnam,2014,143.6440318
Vietnam,2015,144.9060936
Vietnam,2016,149.6066051
Vanuatu,2010,100
Vanuatu,2011,100.8626829
Vanuatu,2012,102.2380831
Vanuatu,2013,103.7165923
Vanuatu,2014,104.5451467
Vanuatu,2015,107.1228713
Vanuatu,2016,108.0434873
Samoa,2010,100
Samoa,2011,105.1981429
Samoa,2012,107.3536727
Samoa,2013,108.0086221
Samoa,2014,107.5692257
Samoa,2015,108.3402255
Samoa,2016,109.7528274
Kosovo,2010,100
Kosovo,2011,107.3364177
Kosovo,2012,109.9948594
Kosovo,2013,111.9336124
Kosovo,2014,112.4183007
Kosovo,2015,111.8161122
Kosovo,2016,0
"Yemen, Rep.",2010,100
"Yemen, Rep.",2011,119.5435617
"Yemen, Rep.",2012,131.3609056
"Yemen, Rep.",2013,145.7691505
"Yemen, Rep.",2014,157.5833405
"Yemen, Rep.",2015,0
"Yemen, Rep.",2016,0
South Africa,2010,100
South Africa,2011,105.0004726
South Africa,2012,110.9367615
South Africa,2013,117.3173268
South Africa,2014,124.4352018
South Africa,2015,130.1446261
South Africa,2016,138.3779185
Zambia,2010,100
Zambia,2011,106.4293968
Zambia,2012,113.4280872
Zambia,2013,121.3427317
Zambia,2014,130.8158077
Zambia,2015,144.0420615
Zambia,2016,169.7823203
Zimbabwe,2010,100
Zimbabwe,2011,103.2775094
Zimbabwe,2012,107.3282964
Zimbabwe,2013,109.0794885
Zimbabwe,2014,108.8424739
Zimbabwe,2015,106.2316586
Zimbabwe,2016,104.5746688
